"","p_val","log_fc","rate1","rate2","padj","feature","comp"
"Hypoxia",6.08968036584937e-26,-0.368349096175333,1,1,8.52555251218912e-25,"Hypoxia","KO_vs_WT"
"MAPK",3.02438948356811e-14,-0.319621150550371,1,1,4.23414527699536e-13,"MAPK","KO_vs_WT"
"NFkB",2.24073538924791e-08,-0.124734220054229,1,1,3.13702954494707e-07,"NFkB","KO_vs_WT"
"TGFb",7.15883460134483e-06,0.178708465542035,1,1,0.000100223684418828,"TGFb","KO_vs_WT"
"EGFR",0.000181171996522701,-0.33559114418246,1,1,0.00253640795131781,"EGFR","KO_vs_WT"
"VEGF",0.00431036551968598,0.222566311107019,1,1,0.0603451172756037,"VEGF","KO_vs_WT"
"p53",0.0773283290445833,0.219020979642018,1,1,1,"p53","KO_vs_WT"
